<?xml version="1.0" encoding="utf-8"?>
<django-objects version="1.0"><object model="p_library.author" pk="1"><field name="full_name" type="TextField">Николай Васильевич Гоголь</field><field name="birth_year" type="SmallIntegerField">1809</field><field name="country" type="CharField">RU</field></object><object model="p_library.author" pk="2"><field name="full_name" type="TextField">Пушкин Александр Сергеевич</field><field name="birth_year" type="SmallIntegerField">1799</field><field name="country" type="CharField">RU</field></object><object model="p_library.author" pk="3"><field name="full_name" type="TextField">Тургенев Иван Сергеевич</field><field name="birth_year" type="SmallIntegerField">1818</field><field name="country" type="CharField">RU</field></object><object model="p_library.author" pk="4"><field name="full_name" type="TextField">Douglas Adams</field><field name="birth_year" type="SmallIntegerField">1952</field><field name="country" type="CharField">UK</field></object><object model="p_library.author" pk="5"><field name="full_name" type="TextField">Jerome David Salinger</field><field name="birth_year" type="SmallIntegerField">1919</field><field name="country" type="CharField">US</field></object><object model="p_library.author" pk="6"><field name="full_name" type="TextField">Knut Hamsun</field><field name="birth_year" type="SmallIntegerField">1859</field><field name="country" type="CharField">NO</field></object><object model="p_library.friend" pk="1"><field name="f_name" type="TextField">Ваня</field></object><object model="p_library.friend" pk="2"><field name="f_name" type="TextField">Петя</field></object><object model="p_library.friend" pk="3"><field name="f_name" type="TextField">Коля</field></object><object model="p_library.friend" pk="4"><field name="f_name" type="TextField">Алексей</field></object><object model="p_library.book" pk="1"><field name="ISBN" type="CharField">9785170622207</field><field name="title" type="TextField">The Growth of the Soil</field><field name="description" type="TextField">Story of a man who settles and lives in rural Norway.</field><field name="year_release" type="SmallIntegerField">1917</field><field name="author" rel="ManyToOneRel" to="p_library.author">6</field><field name="price" type="DecimalField">939.70</field><field name="copy_count" type="SmallIntegerField">2</field><field name="publisher" rel="ManyToOneRel" to="p_library.publisher"><None></None></field><field name="friend" rel="ManyToOneRel" to="p_library.friend"><None></None></field></object><object model="p_library.book" pk="2"><field name="ISBN" type="CharField">9785931240053</field><field name="title" type="TextField">Руслан и Людмила</field><field name="description" type="TextField">Волшебная сказка, вдохновлённая древнерусскими былинами.</field><field name="year_release" type="SmallIntegerField">1820</field><field name="author" rel="ManyToOneRel" to="p_library.author">2</field><field name="price" type="DecimalField">789.15</field><field name="copy_count" type="SmallIntegerField">1</field><field name="publisher" rel="ManyToOneRel" to="p_library.publisher"><None></None></field><field name="friend" rel="ManyToOneRel" to="p_library.friend"><None></None></field></object><object model="p_library.book" pk="3"><field name="ISBN" type="CharField">9788588603271</field><field name="title" type="TextField">Ревизор</field><field name="description" type="TextField">Комедия в пяти действиях русского писателя Николая Васильевича Гоголя.</field><field name="year_release" type="SmallIntegerField">1835</field><field name="author" rel="ManyToOneRel" to="p_library.author">1</field><field name="price" type="DecimalField">2284.66</field><field name="copy_count" type="SmallIntegerField">3</field><field name="publisher" rel="ManyToOneRel" to="p_library.publisher"><None></None></field><field name="friend" rel="ManyToOneRel" to="p_library.friend"><None></None></field></object><object model="p_library.book" pk="4"><field name="ISBN" type="CharField">9789755630311</field><field name="title" type="TextField">Медный всадник</field><field name="description" type="TextField">Поэма А. С. Пушкина.</field><field name="year_release" type="SmallIntegerField">1837</field><field name="author" rel="ManyToOneRel" to="p_library.author">2</field><field name="price" type="DecimalField">1884.04</field><field name="copy_count" type="SmallIntegerField">4</field><field name="publisher" rel="ManyToOneRel" to="p_library.publisher"><None></None></field><field name="friend" rel="ManyToOneRel" to="p_library.friend"><None></None></field></object><object model="p_library.book" pk="5"><field name="ISBN" type="CharField">9785457325753</field><field name="title" type="TextField">Граф Нулин</field><field name="description" type="TextField">Короткая шуточная поэма, написанная Пушкиным всего за два утра 13 и 14 декабря 1825 года во время ссылки в Михайловском.</field><field name="year_release" type="SmallIntegerField">1825</field><field name="author" rel="ManyToOneRel" to="p_library.author">2</field><field name="price" type="DecimalField">2170.84</field><field name="copy_count" type="SmallIntegerField">2</field><field name="publisher" rel="ManyToOneRel" to="p_library.publisher"><None></None></field><field name="friend" rel="ManyToOneRel" to="p_library.friend">2</field></object><object model="p_library.book" pk="6"><field name="ISBN" type="CharField">9781072923893</field><field name="title" type="TextField">Новь</field><field name="description" type="TextField">Последний по времени и самый длинный роман Ивана Сергеевича Тургенева.</field><field name="year_release" type="SmallIntegerField">1877</field><field name="author" rel="ManyToOneRel" to="p_library.author">3</field><field name="price" type="DecimalField">1644.10</field><field name="copy_count" type="SmallIntegerField">4</field><field name="publisher" rel="ManyToOneRel" to="p_library.publisher"><None></None></field><field name="friend" rel="ManyToOneRel" to="p_library.friend"><None></None></field></object><object model="p_library.book" pk="7"><field name="ISBN" type="CharField">9781447297017</field><field name="title" type="TextField">The Hitchhiker's Guide to the Galaxy</field><field name="description" type="TextField">Has become an international multi-media phenomenon</field><field name="year_release" type="SmallIntegerField">1979</field><field name="author" rel="ManyToOneRel" to="p_library.author">4</field><field name="price" type="DecimalField">2044.16</field><field name="copy_count" type="SmallIntegerField">3</field><field name="publisher" rel="ManyToOneRel" to="p_library.publisher"><None></None></field><field name="friend" rel="ManyToOneRel" to="p_library.friend"><None></None></field></object><object model="p_library.book" pk="8"><field name="ISBN" type="CharField">9783036959542</field><field name="title" type="TextField">So Long, and Thanks for All the Fish</field><field name="description" type="TextField">Is the fourth book of the Hitchhiker's Guide to the Galaxy</field><field name="year_release" type="SmallIntegerField">1984</field><field name="author" rel="ManyToOneRel" to="p_library.author">4</field><field name="price" type="DecimalField">2092.53</field><field name="copy_count" type="SmallIntegerField">4</field><field name="publisher" rel="ManyToOneRel" to="p_library.publisher"><None></None></field><field name="friend" rel="ManyToOneRel" to="p_library.friend"><None></None></field></object><object model="p_library.book" pk="9"><field name="ISBN" type="CharField">9781447297017</field><field name="title" type="TextField">The Catcher in the Rye</field><field name="description" type="TextField">It was originally intended for adults but is often read by adolescents for its themes of angst and alienation, and as a critique on superficiality in society.</field><field name="year_release" type="SmallIntegerField">1951</field><field name="author" rel="ManyToOneRel" to="p_library.author">5</field><field name="price" type="DecimalField">803.60</field><field name="copy_count" type="SmallIntegerField">3</field><field name="publisher" rel="ManyToOneRel" to="p_library.publisher"><None></None></field><field name="friend" rel="ManyToOneRel" to="p_library.friend"><None></None></field></object></django-objects>